[
  {
    "id": "basic1",
    "level": 1,
    "name": "Basic 1",
    "solution": [
      ["x", "x", "x", "x", "0"],
      ["x", "x", "x", "0", "x"],
      ["x", "x", "0", "0", "x"],
      ["0", "0", "0", "0", "x"],
      ["0", "x", "x", "x", "x"]
    ],
    "leftClues": [
      [0, 4],
      [3, 1],
      [2, 1],
      [0, 1],
      [0, 4]
    ],
    "topClues": [
      [0, 3, 2, 1, 0],
      [3, 1, 1, 1, 4]
    ]
  },
  {
    "id": "basic2",
    "level": 1,
    "name": "Basic 2",
    "solution": [
      ["0", "0", "0", "0", "x"],
      ["x", "x", "x", "x", "x"],
      ["x", "x", "0", "x", "x"],
      ["0", "0", "x", "x", "x"],
      ["0", "0", "x", "0", "0"]
    ],
    "leftClues": [
      [0, 1],
      [0, 5],
      [2, 2],
      [0, 3],
      [0, 1]
    ],
    "topClues": [
      [0, 0, 1, 0, 0],
      [2, 2, 2, 3, 4]
    ]
  },
  {
    "id": "basic3",
    "level": 1,
    "name": "Basic 3",
    "solution": [
      ["0", "0", "x", "x", "0"],
      ["x", "x", "x", "x", "0"],
      ["0", "0", "x", "0", "x"],
      ["x", "x", "x", "x", "x"],
      ["0", "x", "x", "x", "x"]
    ],
    "leftClues": [
      [0, 2],
      [0, 4],
      [1, 1],
      [0, 5],
      [0, 4]
    ],
    "topClues": [
      [1, 1, 0, 2, 0],
      [1, 2, 5, 2, 3]
    ]
  },
  {
    "id": "basic4",
    "level": 1,
    "name": "Basic 4",
    "solution": [
      ["0", "x", "0", "x", "0"],
      ["0", "0", "x", "0", "0"],
      ["0", "x", "0", "0", "0"],
      ["x", "x", "x", "x", "x"],
      ["0", "x", "x", "x", "x"]
    ],
    "leftClues": [
      [1, 1],
      [0, 1],
      [0, 1],
      [0, 5],
      [0, 4]
    ],
    "topClues": [
      [0, 1, 1, 1, 0],
      [1, 3, 2, 2, 2]
    ]
  },
  {
    "id": "middle1",
    "level": 2,
    "name": "Heart",
    "solution": [
      ["0", "x", "x", "x", "x", "x", "x", "x", "x", "x"],
      ["x", "0", "0", "x", "x", "x", "x", "0", "0", "x"],
      ["0", "0", "0", "0", "x", "x", "0", "0", "0", "0"],
      ["0", "0", "0", "0", "0", "0", "0", "0", "0", "0"],
      ["0", "0", "0", "0", "0", "0", "0", "0", "0", "0"],
      ["x", "0", "0", "0", "0", "0", "0", "0", "0", "x"],
      ["x", "x", "0", "0", "0", "0", "0", "0", "x", "x"],
      ["x", "x", "x", "0", "0", "0", "0", "x", "x", "x"],
      ["x", "x", "x", "x", "0", "0", "x", "x", "x", "x"],
      ["x", "x", "x", "x", "x", "x", "x", "x", "x", "x"]
    ],
    "leftClues": [
      [0, 0, 9],
      [1, 4, 1],
      [0, 0, 2],
      [0, 0, 0],
      [0, 0, 0],
      [0, 1, 1],
      [0, 2, 2],
      [0, 3, 3],
      [0, 4, 4],
      [0, 0, 10]
    ],
    "topClues": [
      [1, 1, 1, 2, 3, 3, 2, 1, 1, 2],
      [5, 4, 3, 2, 1, 1, 2, 3, 4, 5]
    ]
  },
  {
    "id": "middle2",
    "level": 2,
    "name": "Face",
    "solution": [
      ["x", "x", "x", "x", "x", "x", "x", "0", "x", "x"],
      ["x", "x", "x", "x", "x", "0", "0", "0", "0", "x"],
      ["x", "x", "0", "0", "0", "0", "0", "0", "0", "0"],
      ["x", "x", "x", "x", "x", "x", "x", "x", "x", "x"],
      ["x", "x", "x", "0", "x", "0", "x", "x", "0", "x"],
      ["x", "0", "x", "x", "x", "0", "0", "x", "x", "0"],
      ["x", "x", "0", "0", "x", "x", "0", "0", "0", "0"],
      ["x", "x", "0", "0", "0", "0", "0", "0", "0", "0"],
      ["x", "x", "x", "0", "x", "x", "x", "0", "0", "x"],
      ["x", "x", "x", "x", "0", "0", "0", "0", "x", "x"]
    ],
    "leftClues": [
      [0, 0, 7, 2],
      [0, 0, 5, 1],
      [0, 0, 0, 2],
      [0, 0, 0, 10],
      [3, 1, 2, 1],
      [0, 1, 3, 2],
      [0, 0, 2, 2],
      [0, 0, 0, 2],
      [0, 3, 3, 1],
      [0, 0, 4, 2]
    ],
    "topClues": [
      [0, 0, 0, 2, 0, 1, 0, 0, 1, 0],
      [0, 0, 2, 1, 2, 1, 1, 0, 1, 2],
      [0, 5, 3, 1, 4, 1, 2, 0, 1, 2],
      [10, 2, 2, 1, 1, 1, 1, 3, 1, 2]
    ]
  },
  {
    "id": "middle3",
    "level": 2,
    "name": "Smile",
    "solution": [
      ["0", "0", "x", "x", "x", "x", "x", "x", "0", "0"],
      ["0", "x", "0", "0", "0", "0", "0", "0", "x", "0"],
      ["x", "0", "0", "0", "0", "0", "0", "0", "0", "x"],
      ["x", "0", "x", "x", "0", "0", "x", "x", "0", "x"],
      ["x", "0", "0", "0", "0", "0", "0", "0", "0", "x"],
      ["x", "0", "0", "0", "x", "x", "0", "0", "0", "x"],
      ["x", "0", "x", "0", "0", "0", "0", "x", "0", "x"],
      ["x", "0", "0", "x", "x", "x", "x", "0", "0", "x"],
      ["0", "x", "0", "0", "0", "0", "0", "0", "x", "0"],
      ["0", "0", "x", "x", "x", "x", "x", "x", "0", "0"]
    ],
    "leftClues": [
      [0, 0, 0, 6],
      [0, 0, 1, 1],
      [0, 0, 1, 1],
      [1, 2, 2, 1],
      [0, 0, 1, 1],
      [0, 1, 2, 1],
      [1, 1, 1, 1],
      [0, 1, 4, 1],
      [0, 0, 1, 1],
      [0, 0, 0, 6]
    ],
    "topClues": [
      [0, 0, 1, 1, 1, 1, 1, 1, 0, 0],
      [0, 0, 1, 1, 1, 1, 1, 1, 0, 0],
      [0, 1, 1, 1, 1, 1, 1, 1, 1, 0],
      [6, 1, 1, 1, 1, 1, 1, 1, 1, 6]
    ]
  },
  {
    "id": "middle4",
    "level": 2,
    "name": "Boat",
    "solution": [
      ["0", "0", "0", "0", "x", "0", "0", "0", "0", "0"],
      ["0", "0", "0", "x", "x", "x", "0", "0", "0", "0"],
      ["0", "0", "x", "0", "x", "x", "0", "0", "0", "0"],
      ["0", "x", "0", "0", "x", "x", "x", "0", "0", "0"],
      ["0", "x", "0", "0", "x", "x", "x", "0", "0", "0"],
      ["0", "x", "x", "0", "x", "x", "x", "x", "0", "0"],
      ["0", "0", "x", "x", "x", "x", "x", "x", "0", "0"],
      ["0", "0", "0", "0", "x", "0", "0", "0", "0", "0"],
      ["x", "x", "x", "x", "x", "x", "x", "x", "x", "x"],
      ["0", "x", "x", "x", "x", "x", "x", "x", "x", "0"]
    ],
    "leftClues": [
      [0, 0, 0, 1],
      [0, 0, 0, 3],
      [0, 0, 1, 2],
      [0, 0, 1, 3],
      [0, 0, 1, 3],
      [0, 0, 2, 4],
      [0, 0, 0, 6],
      [0, 0, 0, 1],
      [0, 0, 0, 10],
      [0, 0, 0, 8]
    ],
    "topClues": [
      [0, 0, 0, 0, 0, 0, 0, 0, 0, 0],
      [0, 0, 1, 1, 0, 0, 0, 0, 0, 0],
      [0, 3, 2, 1, 0, 6, 4, 2, 0, 0],
      [1, 2, 2, 2, 10, 2, 2, 2, 2, 1]
    ]
  },
  {
    "id": "advanced1",
    "level": 3,
    "name": "Ship",
    "solution": [
      [
        "0",
        "0",
        "0",
        "0",
        "x",
        "0",
        "0",
        "0",
        "0",
        "0",
        "0",
        "0",
        "0",
        "0",
        "0"
      ],
      [
        "0",
        "0",
        "0",
        "0",
        "x",
        "x",
        "0",
        "0",
        "0",
        "0",
        "0",
        "0",
        "0",
        "0",
        "0"
      ],
      [
        "0",
        "0",
        "0",
        "0",
        "x",
        "x",
        "x",
        "0",
        "0",
        "0",
        "0",
        "0",
        "0",
        "0",
        "0"
      ],
      [
        "0",
        "0",
        "0",
        "0",
        "x",
        "x",
        "x",
        "x",
        "0",
        "0",
        "0",
        "0",
        "0",
        "0",
        "0"
      ],
      [
        "0",
        "0",
        "0",
        "0",
        "x",
        "x",
        "x",
        "x",
        "x",
        "0",
        "0",
        "0",
        "0",
        "0",
        "0"
      ],
      [
        "0",
        "0",
        "0",
        "0",
        "x",
        "x",
        "x",
        "x",
        "x",
        "x",
        "0",
        "0",
        "0",
        "0",
        "0"
      ],
      [
        "0",
        "0",
        "0",
        "0",
        "x",
        "x",
        "x",
        "x",
        "x",
        "x",
        "x",
        "0",
        "0",
        "0",
        "0"
      ],
      [
        "0",
        "0",
        "0",
        "0",
        "x",
        "x",
        "x",
        "x",
        "x",
        "x",
        "x",
        "x",
        "0",
        "0",
        "0"
      ],
      [
        "0",
        "0",
        "0",
        "0",
        "x",
        "x",
        "x",
        "x",
        "x",
        "x",
        "x",
        "x",
        "x",
        "0",
        "0"
      ],
      [
        "0",
        "0",
        "0",
        "0",
        "x",
        "x",
        "x",
        "x",
        "x",
        "x",
        "x",
        "x",
        "x",
        "x",
        "0"
      ],
      [
        "x",
        "x",
        "x",
        "x",
        "x",
        "x",
        "x",
        "x",
        "x",
        "x",
        "x",
        "x",
        "x",
        "x",
        "x"
      ],
      [
        "0",
        "0",
        "0",
        "0",
        "x",
        "0",
        "0",
        "0",
        "0",
        "0",
        "0",
        "0",
        "0",
        "0",
        "0"
      ],
      [
        "x",
        "x",
        "x",
        "x",
        "x",
        "x",
        "x",
        "x",
        "x",
        "x",
        "x",
        "x",
        "x",
        "x",
        "0"
      ],
      [
        "0",
        "x",
        "x",
        "x",
        "x",
        "x",
        "x",
        "x",
        "x",
        "x",
        "x",
        "x",
        "x",
        "0",
        "0"
      ],
      [
        "0",
        "0",
        "x",
        "x",
        "x",
        "x",
        "x",
        "x",
        "x",
        "x",
        "x",
        "x",
        "0",
        "0",
        "0"
      ]
    ],
    "leftClues": [
      [0, 0, 0, 1],
      [0, 0, 0, 2],
      [0, 0, 0, 3],
      [0, 0, 0, 4],
      [0, 0, 0, 5],
      [0, 0, 0, 6],
      [0, 0, 0, 7],
      [0, 0, 0, 8],
      [0, 0, 0, 9],
      [0, 0, 0, 10],
      [0, 0, 0, 15],
      [0, 0, 0, 1],
      [0, 0, 0, 14],
      [0, 0, 0, 12],
      [0, 0, 0, 10]
    ],
    "topClues": [
      [0, 0, 0, 0, 0, 0, 0, 0, 0, 0, 0, 0, 0, 0, 0],
      [0, 0, 0, 0, 0, 0, 0, 0, 0, 0, 0, 0, 0, 0, 0],
      [1, 1, 1, 1, 0, 10, 9, 8, 7, 6, 5, 4, 3, 2, 0],
      [1, 2, 3, 3, 15, 3, 3, 3, 3, 3, 3, 3, 2, 1, 1]
    ]
  },
  {
    "id": "advanced2",
    "level": 3,
    "name": "Monkey",
    "solution": [
      [
        "0",
        "0",
        "0",
        "0",
        "x",
        "x",
        "x",
        "x",
        "x",
        "x",
        "x",
        "0",
        "0",
        "0",
        "0"
      ],
      [
        "0",
        "0",
        "0",
        "x",
        "x",
        "x",
        "x",
        "x",
        "x",
        "x",
        "x",
        "x",
        "0",
        "0",
        "0"
      ],
      [
        "0",
        "0",
        "0",
        "x",
        "0",
        "0",
        "x",
        "x",
        "x",
        "0",
        "0",
        "x",
        "0",
        "0",
        "0"
      ],
      [
        "0",
        "0",
        "x",
        "x",
        "0",
        "x",
        "0",
        "x",
        "0",
        "x",
        "0",
        "x",
        "x",
        "0",
        "0"
      ],
      [
        "0",
        "x",
        "x",
        "x",
        "0",
        "0",
        "0",
        "x",
        "0",
        "0",
        "0",
        "x",
        "x",
        "x",
        "0"
      ],
      [
        "0",
        "x",
        "x",
        "x",
        "x",
        "0",
        "0",
        "0",
        "0",
        "0",
        "x",
        "x",
        "x",
        "x",
        "0"
      ],
      [
        "0",
        "0",
        "x",
        "x",
        "x",
        "0",
        "0",
        "0",
        "0",
        "0",
        "x",
        "x",
        "x",
        "0",
        "0"
      ],
      [
        "0",
        "0",
        "x",
        "x",
        "x",
        "0",
        "0",
        "0",
        "0",
        "0",
        "x",
        "x",
        "x",
        "0",
        "0"
      ],
      [
        "x",
        "0",
        "0",
        "x",
        "x",
        "x",
        "x",
        "x",
        "x",
        "x",
        "x",
        "x",
        "0",
        "0",
        "0"
      ],
      [
        "x",
        "x",
        "0",
        "0",
        "x",
        "x",
        "0",
        "x",
        "0",
        "x",
        "x",
        "0",
        "0",
        "0",
        "x"
      ],
      [
        "0",
        "x",
        "x",
        "x",
        "x",
        "0",
        "x",
        "x",
        "x",
        "0",
        "x",
        "x",
        "x",
        "x",
        "x"
      ],
      [
        "0",
        "0",
        "x",
        "x",
        "0",
        "x",
        "0",
        "x",
        "0",
        "x",
        "0",
        "x",
        "x",
        "x",
        "x"
      ],
      [
        "0",
        "x",
        "x",
        "x",
        "x",
        "x",
        "x",
        "x",
        "x",
        "x",
        "x",
        "0",
        "0",
        "0",
        "0"
      ],
      [
        "x",
        "x",
        "0",
        "0",
        "0",
        "0",
        "x",
        "x",
        "x",
        "0",
        "0",
        "0",
        "0",
        "0",
        "0"
      ],
      [
        "0",
        "0",
        "0",
        "0",
        "0",
        "0",
        "x",
        "0",
        "x",
        "0",
        "0",
        "0",
        "0",
        "0",
        "0"
      ]
    ],
    "leftClues": [
      [0, 0, 0, 0, 7],
      [0, 0, 0, 0, 9],
      [0, 0, 1, 3, 1],
      [2, 1, 1, 1, 2],
      [0, 0, 3, 1, 3],
      [0, 0, 0, 4, 4],
      [0, 0, 0, 3, 3],
      [0, 0, 0, 3, 3],
      [0, 0, 0, 1, 9],
      [2, 2, 1, 2, 1],
      [0, 0, 4, 3, 5],
      [2, 1, 1, 1, 4],
      [0, 0, 0, 0, 10],
      [0, 0, 0, 2, 3],
      [0, 0, 0, 1, 1]
    ],
    "topClues": [
      [0, 0, 0, 0, 0, 2, 3, 0, 3, 2, 0, 0, 0, 0, 0],
      [0, 2, 0, 0, 2, 1, 1, 0, 1, 1, 2, 0, 0, 0, 0],
      [2, 2, 5, 8, 6, 2, 1, 5, 1, 2, 6, 8, 5, 2, 0],
      [1, 2, 3, 3, 1, 1, 3, 6, 3, 2, 1, 2, 2, 2, 3]
    ]
  },
  {
    "id": "advanced3",
    "level": 3,
    "name": "Fishman",
    "solution": [
      [
        "x",
        "x",
        "0",
        "0",
        "0",
        "0",
        "0",
        "0",
        "0",
        "0",
        "x",
        "x",
        "x",
        "0",
        "0"
      ],
      [
        "0",
        "x",
        "x",
        "0",
        "0",
        "0",
        "0",
        "0",
        "0",
        "x",
        "0",
        "0",
        "x",
        "x",
        "0"
      ],
      [
        "0",
        "x",
        "x",
        "x",
        "0",
        "0",
        "0",
        "0",
        "x",
        "0",
        "x",
        "0",
        "0",
        "x",
        "0"
      ],
      [
        "0",
        "x",
        "0",
        "x",
        "x",
        "0",
        "0",
        "0",
        "0",
        "x",
        "0",
        "0",
        "x",
        "x",
        "0"
      ],
      [
        "0",
        "x",
        "0",
        "0",
        "x",
        "x",
        "0",
        "0",
        "0",
        "0",
        "x",
        "x",
        "x",
        "0",
        "0"
      ],
      [
        "0",
        "x",
        "0",
        "0",
        "0",
        "x",
        "x",
        "0",
        "0",
        "0",
        "0",
        "x",
        "x",
        "x",
        "0"
      ],
      [
        "0",
        "x",
        "0",
        "0",
        "0",
        "0",
        "x",
        "x",
        "0",
        "0",
        "0",
        "x",
        "x",
        "x",
        "x"
      ],
      [
        "0",
        "x",
        "0",
        "0",
        "0",
        "0",
        "x",
        "x",
        "x",
        "x",
        "x",
        "x",
        "x",
        "0",
        "x"
      ],
      [
        "0",
        "x",
        "0",
        "0",
        "0",
        "0",
        "0",
        "0",
        "x",
        "x",
        "x",
        "x",
        "0",
        "0",
        "x"
      ],
      [
        "0",
        "x",
        "0",
        "0",
        "0",
        "0",
        "0",
        "0",
        "0",
        "0",
        "0",
        "x",
        "0",
        "0",
        "x"
      ],
      [
        "x",
        "0",
        "x",
        "0",
        "0",
        "0",
        "0",
        "x",
        "x",
        "x",
        "x",
        "x",
        "0",
        "x",
        "x"
      ],
      [
        "0",
        "x",
        "0",
        "0",
        "0",
        "0",
        "0",
        "x",
        "x",
        "0",
        "x",
        "x",
        "0",
        "x",
        "0"
      ],
      [
        "0",
        "x",
        "0",
        "x",
        "0",
        "0",
        "0",
        "0",
        "x",
        "x",
        "0",
        "x",
        "x",
        "x",
        "x"
      ],
      [
        "0",
        "0",
        "x",
        "0",
        "0",
        "0",
        "0",
        "0",
        "x",
        "x",
        "0",
        "x",
        "0",
        "0",
        "0"
      ],
      [
        "0",
        "0",
        "0",
        "0",
        "0",
        "0",
        "x",
        "x",
        "x",
        "x",
        "0",
        "x",
        "0",
        "0",
        "0"
      ]
    ],
    "leftClues": [
      [0, 0, 0, 2, 3],
      [0, 0, 2, 1, 2],
      [0, 3, 1, 1, 1],
      [0, 1, 2, 1, 2],
      [0, 0, 1, 2, 3],
      [0, 0, 1, 2, 3],
      [0, 0, 1, 2, 4],
      [0, 0, 1, 7, 1],
      [0, 0, 1, 4, 1],
      [0, 0, 1, 1, 1],
      [0, 1, 1, 5, 2],
      [0, 1, 2, 2, 1],
      [0, 1, 1, 2, 4],
      [0, 0, 1, 2, 1],
      [0, 0, 0, 4, 1]
    ],
    "topClues": [
      [0, 0, 0, 0, 0, 0, 0, 0, 0, 1, 1, 0, 0, 0, 0],
      [0, 0, 0, 0, 0, 0, 0, 0, 0, 1, 1, 0, 0, 0, 0],
      [0, 0, 2, 0, 0, 0, 0, 2, 1, 2, 1, 0, 2, 3, 0],
      [1, 10, 1, 2, 0, 0, 3, 2, 2, 1, 2, 1, 5, 2, 5],
      [1, 2, 1, 1, 2, 2, 1, 1, 5, 3, 2, 11, 1, 3, 1]
    ]
  },
  {
    "id": "advanced4",
    "level": 3,
    "name": "Star",
    "solution": [
      [
        "0",
        "0",
        "0",
        "0",
        "0",
        "0",
        "0",
        "x",
        "0",
        "0",
        "0",
        "0",
        "0",
        "0",
        "0"
      ],
      [
        "0",
        "0",
        "0",
        "0",
        "0",
        "0",
        "x",
        "x",
        "x",
        "0",
        "0",
        "0",
        "0",
        "0",
        "0"
      ],
      [
        "0",
        "0",
        "0",
        "0",
        "0",
        "0",
        "x",
        "0",
        "x",
        "0",
        "0",
        "0",
        "0",
        "0",
        "0"
      ],
      [
        "0",
        "0",
        "0",
        "0",
        "0",
        "x",
        "x",
        "0",
        "x",
        "x",
        "0",
        "0",
        "0",
        "0",
        "0"
      ],
      [
        "0",
        "0",
        "0",
        "0",
        "0",
        "x",
        "0",
        "0",
        "0",
        "x",
        "0",
        "0",
        "0",
        "0",
        "0"
      ],
      [
        "x",
        "x",
        "x",
        "x",
        "x",
        "x",
        "0",
        "0",
        "0",
        "x",
        "x",
        "x",
        "x",
        "x",
        "x"
      ],
      [
        "x",
        "x",
        "0",
        "0",
        "0",
        "0",
        "0",
        "0",
        "0",
        "0",
        "0",
        "0",
        "0",
        "x",
        "x"
      ],
      [
        "0",
        "x",
        "x",
        "0",
        "0",
        "0",
        "0",
        "0",
        "0",
        "0",
        "0",
        "0",
        "x",
        "x",
        "x"
      ],
      [
        "0",
        "0",
        "x",
        "x",
        "0",
        "0",
        "0",
        "0",
        "0",
        "0",
        "0",
        "x",
        "x",
        "0",
        "0"
      ],
      [
        "0",
        "0",
        "0",
        "x",
        "x",
        "0",
        "0",
        "0",
        "0",
        "0",
        "x",
        "x",
        "0",
        "0",
        "0"
      ],
      [
        "0",
        "0",
        "0",
        "x",
        "0",
        "0",
        "0",
        "x",
        "0",
        "0",
        "0",
        "x",
        "0",
        "0",
        "0"
      ],
      [
        "0",
        "0",
        "x",
        "x",
        "0",
        "0",
        "x",
        "x",
        "x",
        "0",
        "0",
        "x",
        "x",
        "0",
        "0"
      ],
      [
        "0",
        "0",
        "x",
        "0",
        "0",
        "x",
        "x",
        "0",
        "x",
        "x",
        "0",
        "0",
        "x",
        "0",
        "0"
      ],
      [
        "0",
        "0",
        "x",
        "x",
        "x",
        "x",
        "0",
        "0",
        "0",
        "x",
        "x",
        "x",
        "x",
        "0",
        "0"
      ],
      [
        "0",
        "x",
        "x",
        "x",
        "0",
        "0",
        "0",
        "0",
        "0",
        "0",
        "0",
        "x",
        "x",
        "x",
        "0"
      ]
    ],
    "leftClues": [
      [0, 0, 0, 0, 1],
      [0, 0, 0, 0, 3],
      [0, 0, 0, 1, 1],
      [0, 0, 0, 2, 2],
      [0, 0, 0, 1, 1],
      [0, 0, 0, 6, 6],
      [0, 0, 0, 2, 2],
      [0, 0, 0, 2, 3],
      [0, 0, 0, 2, 2],
      [0, 0, 0, 2, 2],
      [0, 0, 1, 1, 1],
      [0, 0, 2, 3, 2],
      [0, 1, 2, 2, 1],
      [0, 0, 0, 4, 4],
      [0, 0, 0, 3, 3]
    ],
    "topClues": [
      [0, 0, 0, 0, 0, 0, 0, 0, 0, 0, 0, 0, 0, 0, 0],
      [0, 0, 0, 0, 0, 0, 0, 0, 0, 0, 0, 0, 0, 0, 0],
      [0, 0, 1, 1, 1, 0, 0, 0, 0, 0, 1, 1, 1, 0, 0],
      [0, 3, 2, 4, 1, 3, 3, 2, 3, 3, 1, 4, 2, 3, 0],
      [2, 1, 4, 2, 1, 2, 2, 2, 2, 2, 1, 2, 4, 1, 3]
    ]
  }
]
